<?xml version="1.0" encoding="UTF-8"?>
<project-private xmlns="http://www.netbeans.org/ns/project-private/1">
    <editor-bookmarks xmlns="http://www.netbeans.org/ns/editor-bookmarks/2" lastBookmarkId="0"/>
    <open-files xmlns="http://www.netbeans.org/ns/projectui-open-files/2">
        <group>
            <file>file:/C:/Users/Acer/Documents/NetBeansProjects/StudentManagement2/src/java/com/example/LogServlet.java</file>
            <file>file:/C:/Users/Acer/Documents/NetBeansProjects/StudentManagement2/src/java/com/db/Employee.java</file>
            <file>file:/C:/Users/Acer/Documents/NetBeansProjects/StudentManagement2/src/java/com/example/AddEmployeeServlet.java</file>
            <file>file:/C:/Users/Acer/Documents/NetBeansProjects/StudentManagement2/src/java/com/db/DBConnection.java</file>
            <file>file:/C:/Users/Acer/Documents/NetBeansProjects/StudentManagement2/web/login.jsp</file>
            <file>file:/C:/Users/Acer/Documents/NetBeansProjects/StudentManagement2/web/index.jsp</file>
            <file>file:/C:/Users/Acer/Documents/NetBeansProjects/StudentManagement2/web/register.jsp</file>
            <file>file:/C:/Users/Acer/Documents/NetBeansProjects/StudentManagement2/src/java/com/example/UpdateEmployeeServlet.java</file>
            <file>file:/C:/Users/Acer/Documents/NetBeansProjects/StudentManagement2/src/java/com/example/Register.java</file>
            <file>file:/C:/Users/Acer/Documents/NetBeansProjects/StudentManagement2/web/logout.jsp</file>
            <file>file:/C:/Users/Acer/Documents/NetBeansProjects/StudentManagement2/web/edit.jsp</file>
            <file>file:/C:/Users/Acer/Documents/NetBeansProjects/StudentManagement2/src/java/com/dao/EmployeeDAO.java</file>
            <file>file:/C:/Users/Acer/Documents/NetBeansProjects/StudentManagement2/web/add.jsp</file>
            <file>file:/C:/Users/Acer/Documents/NetBeansProjects/StudentManagement2/web/view.jsp</file>
            <file>file:/C:/Users/Acer/Documents/NetBeansProjects/StudentManagement2/src/java/com/example/DeleteEmployeeServlet.java</file>
        </group>
    </open-files>
</project-private>
